Date,Open,High,Low,Close,Volume,Price_Change,Daily_Return_Pct
2024-01-01,101.77,102.19,99.38,100.85,330701.0,,
2024-01-02,102.65,102.95,100.5,100.74,289687.0,-0.10999999999999943,-0.10907288051561492
2024-01-03,100.41,103.12,100.18,101.81,440634.0,1.0700000000000074,1.062140162795333
2024-01-04,104.76,106.2,104.07,104.19,235683.0,2.3799999999999955,2.3376878499165032
2024-01-05,103.29,104.1,101.37,103.94,368182.0,-0.25,-0.23994625203954678
2024-01-08,103.2,105.57,101.7,105.05,419940.0,1.1099999999999994,1.0679238021935822
2024-01-09,105.57,106.36,104.8,106.16,275972.0,1.1099999999999994,1.0566396953831436
2024-01-10,106.55,108.54,105.88,107.41,126656.0,1.25,1.177467972871149
2024-01-11,106.86,108.3,106.04,106.81,27087.0,-0.5999999999999943,-0.5586072060329572
2024-01-12,106.89,109.48,105.32,107.72,415821.0,0.9099999999999966,0.8519801516711834
2024-01-15,107.4,108.85,105.77,107.13,303481.0,-0.5900000000000034,-0.5477163015224717
2024-01-16,106.48,108.15,106.03,106.53,146554.0,-0.5999999999999943,-0.5600672080649627
2024-01-17,106.75,107.74,106.32,106.99,241312.0,0.45999999999999375,0.4318032479113887
2024-01-18,103.31,105.87,103.03,104.22,495757.0,-2.769999999999996,-2.5890270118702596
2024-01-19,101.16,101.99,99.8,101.73,491512.0,-2.489999999999995,-2.3891767415083476
2024-01-22,101.74,103.54,99.44,100.99,192024.0,-0.7400000000000091,-0.7274157082473254
2024-01-23,100.07,101.21,98.97,99.57,146535.0,-1.4200000000000017,-1.4060798098821659
2024-01-24,99.16,101.79,99.02,100.14,253236.0,0.5700000000000074,0.5724615848147208
2024-01-25,98.98,99.94,98.62,98.88,80448.0,-1.2600000000000051,-1.2582384661473989
2024-01-26,97.61,98.94,94.92,96.86,14648.0,-2.019999999999996,-2.042880258899671
2024-01-29,98.535,100.26,96.83,99.16,402720.0,2.299999999999997,2.3745612223828205
2024-01-30,99.46,100.95,97.36,98.92,305767.0,-0.23999999999999488,-0.24203307785396477
2024-01-31,98.46,99.38,97.17,99.12,462372.0,0.20000000000000284,0.2021835826930829
2024-02-01,97.66,97.87,96.26,97.09,45634.0,-2.030000000000001,-2.0480225988700584
2024-02-02,95.61,96.94,95.11,96.37,447818.0,-0.7199999999999989,-0.7415799773406118
2024-02-05,94.83,97.04,94.5,96.63,386742.0,0.2599999999999909,0.26979350420255344
2024-02-06,93.38,96.76,92.11,95.01,321478.0,-1.6199999999999903,-1.6764979819931636
2024-02-07,95.72,96.24,94.1,95.67,340792.0,0.6599999999999966,0.6946637196084682
2024-02-08,95.13,97.08,93.55,94.87,32054.0,-0.7999999999999972,-0.8362077976377114
2024-02-09,93.63,95.27,92.52,94.53,80028.0,-0.3400000000000034,-0.35838515863814147
2024-02-13,94.95,98.21,93.01,96.61,483866.0,2.0799999999999983,2.20035967417751
2024-02-14,96.62,98.04,95.01,96.69,240893.0,0.0799999999999983,0.082807162819587
2024-02-15,93.99,96.25,93.34,95.2,91554.0,-1.4899999999999949,-1.541007343055123
2024-02-16,95.88,97.69,93.92,96.54,162458.0,1.3400000000000034,1.407563025210079
2024-02-19,94.85,96.32,93.56,94.8,93276.0,-1.740000000000009,-1.802361715351164
2024-02-20,94.36,95.75,93.15,95.22,462734.0,0.4200000000000017,0.44303797468354666
2024-02-21,91.99,94.37,90.47,92.38,324925.0,-2.8400000000000034,-2.9825666876706625
2024-02-22,91.49,93.44,88.84,90.49,193852.0,-1.8900000000000006,-2.045897380385364
2024-02-23,90.3,92.22,88.96,90.88,202512.0,0.39000000000000057,0.43098684937561416
2024-02-26,92.93,93.4,91.75,92.09,241312.0,1.210000000000008,1.3314260563380476
2024-02-27,91.32,93.84,90.57,92.45,333179.0,0.35999999999999943,0.39092192420457916
2024-02-28,92.9,93.14,90.51,92.37,18210.0,-0.0799999999999983,-0.08653326122227689
2024-02-29,93.46,93.62,91.49,92.02,54363.0,-0.3500000000000085,-0.3789109018079606
2024-03-01,87.43,90.49,86.62,89.9,252247.0,-2.1199999999999903,-2.303846989784819
2024-03-04,88.13,89.9,87.21,88.92,88279.0,-0.980000000000004,-1.0901001112347042
2024-03-05,88.91,90.66,87.4,88.33,201420.0,-0.5900000000000034,-0.6635177687809302
2024-03-06,89.82,91.5,88.55,90.02,196356.0,1.6899999999999977,1.9132797464055162
2024-03-07,91.01,92.52,88.74,90.63,213196.0,0.6099999999999994,0.6776271939568979
2024-03-08,87.49,89.0,86.93,88.09,209919.0,-2.539999999999992,-2.802603994262376
2024-03-11,88.76,88.76,88.34,88.68,425648.0,0.5900000000000034,0.6697695538653736
2024-03-12,88.04,89.0,87.57,88.2,267324.0,-0.480000000000004,-0.5412719891745632
2024-03-13,88.45,90.43,85.5,87.28,205161.0,-0.9200000000000017,-1.04308390022676
2024-03-14,88.55,88.73,86.97,88.3,458614.0,1.019999999999996,1.168652612282295
2024-03-15,90.28,92.03,89.3,89.95,240363.0,1.6500000000000057,1.8686296715741957
2024-03-18,91.03,92.64,89.38,91.44,144393.0,1.4899999999999949,1.6564758198999385
2024-03-19,89.8,91.22,88.06,90.28,353492.0,-1.1599999999999966,-1.2685914260717412
2024-03-20,89.49,91.4,87.78,89.92,440599.0,-0.35999999999999943,-0.3987594151528606
2024-03-21,90.91,91.94,88.67,90.52,385960.0,0.5999999999999943,0.6672597864768592
2024-03-22,91.66,93.84,91.08,92.08,219754.0,1.5600000000000023,1.7233760494918204
2024-03-25,91.75,93.56,89.93,91.68,133053.0,-0.3999999999999915,-0.4344048653344812
2024-03-26,93.36,94.26,90.31,91.28,482406.0,-0.4000000000000057,-0.43630017452007674
2024-03-27,90.6,91.22,88.02,89.72,193965.0,-1.5600000000000023,-1.7090271691498682
2024-03-28,87.7,89.26,86.22,88.03,176892.0,-1.6899999999999977,-1.883637984841724
2024-03-29,90.55,92.38,87.77,89.35,338406.0,1.3199999999999932,1.499488810632732
2024-04-01,91.08,91.98,89.73,91.48,144832.0,2.1300000000000097,2.3838836038052813
2024-04-02,89.44,92.76,89.0,91.48,163262.0,0.0,0.0
2024-04-03,92.07,94.38,90.94,93.08,77411.0,1.5999999999999943,1.7490161783996427
2024-04-04,91.85,95.22,89.88,93.72,295521.0,0.6400000000000006,0.687580575848723
2024-04-05,92.5,93.21,90.62,92.86,449953.0,-0.8599999999999994,-0.9176269739650023
2024-04-08,95.03999999999999,95.03999999999999,93.32,93.5,472785.0,0.6400000000000006,0.6892095627826889
2024-04-09,97.58,99.41,95.49,95.9,48211.0,2.4000000000000057,2.566844919786093
2024-04-10,96.28,96.72,95.6,95.95,223981.0,0.04999999999999716,0.05213764337852478
2024-04-11,98.18,98.95,96.7,98.4,275888.0,2.450000000000003,2.5534132360604422
2024-04-12,95.4,97.34,92.91,94.57,266638.0,-3.8300000000000125,-3.8922764227642404
2024-04-15,93.69,96.34,93.18,95.9,297139.0,1.3300000000000125,1.4063656550703296
2024-04-16,96.37,98.09,95.07,96.13,158049.0,0.22999999999998977,0.23983315954116957
2024-04-17,96.55,97.59,94.09,95.78,239010.0,-0.3499999999999943,-0.36409029439300467
2024-04-18,94.54,96.59,93.05,96.02,44542.0,0.23999999999999488,0.2505742326164073
2024-04-19,94.28,96.04,92.01,93.14,20651.0,-2.8799999999999955,-2.9993751301812033
2024-04-22,93.25,94.19,91.69,92.91,109239.0,-0.23000000000000398,-0.24694009018682017
2024-04-23,93.13,94.62,92.06,93.55,351075.0,0.6400000000000006,0.6888386610698571
2024-04-24,96.49,97.28,95.2,95.86,236416.0,2.3100000000000023,2.4692677712453204
2024-04-25,97.46,98.68,94.01,95.18,374256.0,-0.6799999999999926,-0.7093678280826077
2024-04-26,94.25,94.66,92.66,94.07,288859.0,-1.1100000000000136,-1.1662113889472692
2024-04-29,93.67,94.51,91.66,93.42,447625.0,-0.6499999999999915,-0.6909748059955256
2024-04-30,94.43,96.83,93.12,94.89,165378.0,1.4699999999999989,1.5735388567758468
2024-05-01,94.64,96.08,93.09,95.49,160158.0,0.5999999999999943,0.6323110970597456
2024-05-02,95.62,96.97,94.39,94.79,417592.0,-0.6999999999999886,-0.7330610535134396
2024-05-03,94.8,96.38,93.83,95.66,333494.0,0.8699999999999903,0.9178183352674285
2024-05-06,95.98,97.55,95.79,95.91,343569.0,0.25,0.2613422538155996
2024-05-07,96.98,97.81,96.41,97.46,439852.0,1.5499999999999972,1.6160984256073263
2024-05-08,96.99,98.93,95.03,96.51,358264.0,-0.9499999999999886,-0.9747588754360659
2024-05-09,96.45,97.41,94.13,96.11,387033.0,-0.4000000000000057,-0.4144648222982106
2024-05-10,96.66,97.21,95.34,95.63,454865.0,-0.480000000000004,-0.4994277390490076
2024-05-13,93.02,93.77,92.16,93.53,437826.0,-2.0999999999999943,-2.195963609745888
2024-05-14,93.81,94.5,92.19,94.08,151130.0,0.5499999999999972,0.5880466160590236
2024-05-15,93.59,95.65,93.1,94.57,265948.0,0.4899999999999949,0.5208333333333259
2024-05-16,94.23,95.42,93.08,94.67,346781.0,0.10000000000000853,0.10574177857671785
2024-05-17,94.8,96.48,92.93,94.42,481249.0,-0.25,-0.2640752086194187
2024-05-20,93.16,94.08,91.13,92.4,342338.0,-2.019999999999996,-2.139377250582497
2024-05-21,90.95,92.44,90.49,91.87,349061.0,-0.5300000000000011,-0.5735930735930705
2024-05-22,92.32,93.6,90.68,91.45,74200.0,-0.4200000000000017,-0.4571677370197036
2024-05-23,91.71,93.15,88.76,90.35,115848.0,-1.1000000000000085,-1.202843083652283
2024-05-24,90.62,91.04,89.06,90.21,116022.0,-0.14000000000000057,-0.1549529607083544
2024-05-27,92.79,93.21,90.81,90.92,187691.0,0.710000000000008,0.7870524332113993
2024-05-28,93.07,94.01,91.53,93.84,420370.0,2.9200000000000017,3.2116146062472595
2024-05-29,92.96,95.71,92.8,94.21,422755.0,0.36999999999999034,0.39428815004260986
2024-05-30,92.91,96.05,91.4,94.69,266453.0,0.480000000000004,0.509500053072931
2024-05-31,96.18,97.18,94.2,94.68,332202.0,-0.009999999999990905,-0.010560777273194155
2024-06-03,92.56,94.26,89.98,91.9,72068.0,-2.780000000000001,-2.9362061681453278
2024-06-04,91.91,93.59,91.11,91.96,480529.0,0.05999999999998806,0.06528835690966517
2024-06-05,92.43,93.65,91.43,92.15,372076.0,0.19000000000001194,0.20661157024794985
2024-06-06,94.82,97.7,94.44,95.95,171445.0,3.799999999999997,4.123711340206193
2024-06-07,98.21,98.7,95.08,95.76,174226.0,-0.18999999999999773,-0.1980198019801982
2024-06-10,96.44,96.75,94.55,96.31,147103.0,0.5499999999999972,0.5743525480367495
2024-06-11,96.47,97.08,94.37,96.36,234605.0,0.04999999999999716,0.05191568892117804
2024-06-12,95.43,95.64,93.91,94.71,213047.0,-1.6500000000000057,-1.7123287671232945
2024-06-13,97.0,98.11,95.57,96.52,294929.0,1.8100000000000023,1.911097033048259
2024-06-14,97.97,99.85,96.28,97.75,482144.0,1.230000000000004,1.274347285536681
2024-06-17,98.25,99.21,96.46,99.04,259768.0,1.2900000000000063,1.3196930946291596
2024-06-18,98.24,98.58,96.55,97.77,169741.0,-1.2700000000000102,-1.282310177705992
2024-06-19,101.86,102.82,99.13,99.98,104475.0,2.210000000000008,2.2604070778357466
2024-06-20,99.32,101.19,97.09,97.97,12282.0,-2.010000000000005,-2.010402080416085
2024-06-21,100.55,101.25,97.53,98.95,175696.0,0.980000000000004,1.000306216188629
2024-06-24,101.83,103.4,101.72,102.34,189510.0,3.3900000000000006,3.425972713491654
2024-06-25,99.96,101.13,98.69,100.95,230972.0,-1.3900000000000006,-1.358217705686926
2024-06-26,100.08,100.59,99.3,100.2,339678.0,-0.75,-0.7429420505200568
2024-06-27,100.51,102.48,98.84,100.45,172777.0,0.25,0.24950099800398196
2024-06-28,100.89,102.83,99.52,99.8,441460.0,-0.6500000000000057,-0.6470881035340992
2024-07-01,95.88,97.68,94.66,97.57,347108.0,-2.230000000000004,-2.2344689378757554
2024-07-02,99.3,101.21,96.76,97.78,178509.0,0.21000000000000796,0.21523009121657832
2024-07-03,96.12,97.6,94.8,96.28,218944.0,-1.5,-1.5340560441808093
2024-07-04,96.67,98.84,96.44,97.09,478094.0,0.8100000000000023,0.8412962193601992
2024-07-05,94.8,96.78,93.6,95.81,129006.0,-1.2800000000000011,-1.3183644041610876
2024-07-08,96.58,99.32,95.42,98.24,246440.0,2.4299999999999926,2.536269700448801
2024-07-09,97.99,99.02,96.0,97.16,214054.0,-1.0799999999999983,-1.0993485342019493
2024-07-10,96.85,98.22,95.53,96.78,322727.0,-0.37999999999999545,-0.39110745162618255
2024-07-11,96.81,98.47,95.43,98.1,310536.0,1.3199999999999932,1.363918164910105
2024-07-12,95.06,96.51,93.43,96.35,17461.0,-1.75,-1.783893985728846
2024-07-15,96.46,97.48,95.85,96.8,110123.0,0.45000000000000284,0.4670472236637302
2024-07-16,100.52,101.96,97.19,98.86,282660.0,2.0600000000000023,2.1280991735537214
2024-07-17,96.29,97.03,95.24,96.54,482501.0,-2.319999999999993,-2.346752984017797
2024-07-18,95.42,98.3,95.17,96.92,158586.0,0.37999999999999545,0.3936192251916326
2024-07-19,97.17,99.35,96.95,97.41,393395.0,0.4899999999999949,0.5055716054477966
2024-07-22,98.41,98.96,97.68,98.68,439484.0,1.2700000000000102,1.3037675803305726
2024-07-23,94.23,98.31,92.64,96.93,493702.0,-1.75,-1.773408998783943
2024-07-24,94.99,95.99,93.55,95.05,241496.0,-1.8800000000000097,-1.939544000825344
2024-07-25,95.7,97.68,94.1,95.93,177860.0,0.8800000000000097,0.9258285113098452
2024-07-26,97.17,97.61,95.39,96.48,216821.0,0.5499999999999972,0.5733347232356856
2024-07-29,98.8,100.22,96.02,96.95,202121.0,0.46999999999999886,0.48714759535655183
2024-07-30,98.7,100.39,97.19,97.57,334637.0,0.6199999999999903,0.6395048994326968
2024-07-31,96.38,98.55,95.66,96.65,46027.0,-0.9199999999999875,-0.9429127805677839
2024-08-01,95.99,98.5,95.07,97.1,365691.0,0.44999999999998863,0.465597516813232
2024-08-02,100.21,101.26,97.37,97.64,183921.0,0.5400000000000063,0.5561277033985679
2024-08-05,96.73,98.0,96.15,96.67,372271.0,-0.9699999999999989,-0.9934453092994677
2024-08-06,99.58,101.33,98.33,99.57,158930.0,2.8999999999999915,2.9998965552911816
2024-08-07,100.35,101.56,98.86,100.38,225234.0,0.8100000000000023,0.8134980415787973
2024-08-08,98.89,99.05,96.69,98.69,89003.0,-1.6899999999999977,-1.6836023112173693
2024-08-09,99.63,101.64,97.76,99.78,193467.0,1.0900000000000034,1.104468537845782
2024-08-12,97.84,99.82,96.52,98.41,49758.0,-1.3700000000000045,-1.3730206454199312
2024-08-13,99.15,101.08,98.25,99.69,326456.0,1.2800000000000011,1.3006808251194046
2024-08-14,101.5,102.04,100.19,101.53,340814.0,1.8400000000000034,1.845721737385908
2024-08-15,99.86,101.75,98.26,100.4,92279.0,-1.1299999999999955,-1.112971535506746
2024-08-16,101.23,102.79,100.91,101.95,25434.0,1.5499999999999972,1.5438247011952067
2024-08-19,102.77,104.11,101.79,102.67,205119.0,0.7199999999999989,0.7062285434036308
2024-08-20,103.74,104.3,102.05,104.0,450991.0,1.3299999999999983,1.2954124866075833
2024-08-21,108.45,109.8,106.11,106.94,347913.0,2.9399999999999977,2.8269230769230713
2024-08-22,104.02,108.67,102.84,106.68,255754.0,-0.2599999999999909,-0.24312698709555436
2024-08-23,106.74,106.93,104.43,105.64,338821.0,-1.0400000000000063,-0.9748781402324713
2024-08-26,105.66,107.61,103.96,104.41,93555.0,-1.230000000000004,-1.16433169254071
2024-08-27,101.21,104.16,100.43,103.29,138379.0,-1.1199999999999903,-1.0726941863806072
2024-08-28,102.93,105.03,102.19,103.27,226992.0,-0.020000000000010232,-0.019362958660096297
2024-08-29,103.51,105.47,103.36,103.88,249511.0,0.6099999999999994,0.5906846131499943
2024-08-30,102.99,105.58,102.84,104.4,186806.0,0.5200000000000102,0.5005775895263964
2024-09-02,104.96,107.24,103.28,105.74,373809.0,1.3399999999999892,1.2835249042145502
2024-09-03,104.75,107.63,104.13,105.86,491719.0,0.12000000000000455,0.1134859088329998
2024-09-04,109.89,110.76,107.05,108.14,443819.0,2.280000000000001,2.153788021915748
2024-09-05,108.78,109.5,107.17,107.84,479924.0,-0.29999999999999716,-0.2774181616423177
2024-09-06,113.29,114.66,110.13,112.02,485142.0,4.179999999999993,3.8761127596439016
2024-09-09,113.78,115.42,112.47,113.06,78803.0,1.0400000000000063,0.9284056418496833
2024-09-10,110.75,113.42,109.83,111.87,442548.0,-1.1899999999999977,-1.0525384751459366
2024-09-11,109.84,111.98,108.09,110.37,363847.0,-1.5,-1.3408420488066453
2024-09-12,111.68,112.61,109.49,111.19,293456.0,0.8199999999999932,0.7429555132735244
2024-09-13,109.73,112.61,109.28,110.96,234448.0,-0.23000000000000398,-0.2068531342746649
2024-09-16,112.84,113.17,110.5,112.13,487742.0,1.1700000000000017,1.0544340302811817
2024-09-17,112.7,114.07,111.73,112.94,185251.0,0.8100000000000023,0.7223758137875791
2024-09-18,112.55,113.04,111.54,112.93,212514.0,-0.009999999999990905,-0.008854258898527423
2024-09-19,112.47,113.19,111.4,111.76,255404.0,-1.1700000000000017,-1.036040024794127
2024-09-20,110.03,110.83,109.33,109.59,127961.0,-2.1700000000000017,-1.9416607015032228
2024-09-23,108.66,109.87,107.17,109.02,312523.0,-0.5700000000000074,-0.520120448946082
2024-09-24,111.56,112.98,109.36,110.4,27297.0,1.3800000000000097,1.2658227848101333
2024-09-25,109.74,111.66,108.81,110.82,274155.0,0.4199999999999875,0.380434782608674
2024-09-26,109.67,110.62,107.57,109.05,130234.0,-1.769999999999996,-1.5971846237141318
2024-09-27,110.01,110.56,107.86,109.41,54014.0,0.35999999999999943,0.33012379642365364
2024-09-30,109.78,110.9,109.38,110.09,253166.0,0.6800000000000068,0.6215154007860324
2024-10-01,109.19,109.72,107.61,108.87,414954.0,-1.2199999999999989,-1.1081842129167074
2024-10-02,107.94,109.43,107.59,109.2,366477.0,0.3299999999999983,0.3031138054560456
2024-10-03,110.31,111.55,107.86,109.38,188570.0,0.1799999999999926,0.16483516483516425
2024-10-04,107.58,109.14,106.24,107.77,268864.0,-1.6099999999999994,-1.4719327116474723
2024-10-07,107.88,109.68,105.97,108.41,283264.0,0.6400000000000006,0.5938572886703186
2024-10-08,110.4,111.38,109.12,109.35,411983.0,0.9399999999999977,0.8670786827783328
2024-10-09,110.37,111.89,110.16,111.07,294996.0,1.7199999999999989,1.5729309556470117
2024-10-10,111.34,114.49,110.71,112.75,351383.0,1.6800000000000068,1.5125596470694225
2024-10-11,109.23,111.87,108.63,110.79,404145.0,-1.9599999999999937,-1.7383592017738314
2024-10-14,110.08,111.1,108.91,109.48,218559.0,-1.3100000000000023,-1.1824171856665733
2024-10-15,109.07,110.5,107.25,110.35,101575.0,0.8699999999999903,0.7946656923638828
2024-10-16,112.98,113.73,110.65,111.22,105040.0,0.8700000000000045,0.7884005437245101
2024-10-17,110.01,112.92,109.4,112.09,158510.0,0.8700000000000045,0.7822334112569829
2024-10-18,119.67,120.53,116.43,117.97,189587.0,5.8799999999999955,5.245784637344997
2024-10-21,119.14,120.34,117.98,118.93,15744.0,0.960000000000008,0.8137662117487565
2024-10-22,120.64,121.85,119.06,120.73,224892.0,1.7999999999999972,1.5134953333893808
2024-10-23,121.72,123.52,121.5,122.26,445633.0,1.5300000000000011,1.2672906485546198
2024-10-24,123.74,125.29,122.31,123.34,410285.0,1.0799999999999983,0.8833633240634686
2024-10-25,122.93,124.61,122.77,122.97,314503.0,-0.37000000000000455,-0.29998378466029596
2024-10-28,125.31,126.77,123.99,124.21,160871.0,1.2399999999999949,1.0083760266731634
2024-10-29,123.26,125.18,121.33,123.15,370890.0,-1.059999999999988,-0.8533934465823956
2024-10-30,123.04,123.18,122.53,122.89,234834.0,-0.2600000000000051,-0.21112464474218884
2024-10-31,121.9,122.74,120.79,122.26,130906.0,-0.6299999999999955,-0.5126535926438192
2024-11-01,122.43,122.6,121.55,122.49,211260.0,0.22999999999998977,0.18812367086535886
2024-11-04,126.37,127.7,125.3,126.06,230931.0,3.5700000000000074,2.914523634582422
2024-11-05,121.65,125.16,119.84,123.36,263593.0,-2.700000000000003,-2.1418372203712566
2024-11-06,123.14,125.05,123.0,124.49,248746.0,1.1299999999999955,0.9160181582360538
2024-11-07,122.91,124.77,120.81,122.17,17597.0,-2.319999999999993,-1.863603502289335
2024-11-08,121.73,121.95,119.63,121.56,319237.0,-0.6099999999999994,-0.49930424817876684
2024-11-11,123.11,125.17,121.95,123.29,440442.0,1.730000000000004,1.4231655149720357
2024-11-12,123.51,124.28,121.61,123.49,213199.0,0.19999999999998863,0.16221915808256604
2024-11-13,122.32,122.61,121.77,121.97,386794.0,-1.519999999999996,-1.2308688962669012
2024-11-14,120.46,122.02,119.57,121.0,494585.0,-0.9699999999999989,-0.7952775272607959
2024-11-15,121.34,122.71,120.75,122.12,218434.0,1.1200000000000045,0.9256198347107558
2024-11-18,121.32,121.96,119.64,121.12,167489.0,-1.0,-0.8188666885031171
2024-11-19,120.57,122.23,118.61,121.55,421909.0,0.4299999999999926,0.3550198150594319
2024-11-20,122.13,123.75,121.13,121.72,482890.0,0.1700000000000017,0.13986013986013734
2024-11-21,119.14,121.96,117.79,120.84,393100.0,-0.8799999999999955,-0.7229707525468254
2024-11-22,125.19,125.88,123.68,124.16,125598.0,3.319999999999993,2.7474346242965852
2024-11-25,125.68,126.94,124.03,125.21,260100.0,1.0499999999999972,0.8456829896907214
2024-11-26,122.53,123.99,121.29,122.27,268589.0,-2.9399999999999977,-2.3480552671511834
2024-11-27,123.63,124.25,120.7,122.65,194233.0,0.38000000000000966,0.31078760121043825
2024-11-28,123.42,124.31,120.5,121.76,262388.0,-0.8900000000000006,-0.725642070933552
2024-11-29,124.15,124.48,122.37,123.14,143241.0,1.3799999999999955,1.1333771353482236
2024-12-02,120.21,122.49,119.89,122.05,225164.0,-1.0900000000000034,-0.8851713496832891
2024-12-03,120.69,123.37,120.31,121.97,163124.0,-0.0799999999999983,-0.06554690700532051
2024-12-04,122.21,123.28,121.68,122.83,475065.0,0.8599999999999994,0.7050914159219435
2024-12-05,124.26,125.35,123.65,124.23,214923.0,1.4000000000000057,1.139786697060985
2024-12-06,123.05,124.49,120.81,122.53,18036.0,-1.7000000000000028,-1.3684295258794221
2024-12-09,121.4,122.43,120.24,122.13,41778.0,-0.4000000000000057,-0.32645066514322973
2024-12-10,121.7,122.88,120.42,121.52,430950.0,-0.6099999999999994,-0.49946778023417515
2024-12-11,119.88,121.22,119.56,120.64,164245.0,-0.8799999999999955,-0.7241606319947302
2024-12-12,122.77,125.31,121.04,123.38,171475.0,2.739999999999995,2.2712201591511993
2024-12-13,122.68,125.11,121.21,124.09,469537.0,0.710000000000008,0.575457934835466
2024-12-16,121.38,123.93,121.15,122.3,212747.0,-1.7900000000000063,-1.44250141026675
2024-12-17,122.43,124.92,120.98,123.78,409560.0,1.480000000000004,1.2101390024529923
2024-12-18,126.08,127.24,124.95,127.06,28800.0,3.280000000000001,2.6498626595572894
2024-12-19,129.76,131.07,128.45,128.71,297516.0,1.6500000000000057,1.2985990870455044
2024-12-20,125.58,128.44,124.61,126.53,333660.0,-2.180000000000007,-1.6937300909020347
2024-12-23,128.54,129.78,124.88,125.9,292682.0,-0.6299999999999955,-0.4979056350272626
2024-12-24,128.4,130.05,127.49,127.9,336062.0,2.0,1.5885623510722757
2024-12-25,127.13,128.91,125.05,126.94,418189.0,-0.960000000000008,-0.7505863956215886
2024-12-26,126.85,128.24,125.13,127.71,343299.0,0.769999999999996,0.60658578856152
2024-12-27,129.67,130.17,127.6,128.97,241312.0,1.2600000000000051,0.9866102889358741
2024-12-30,127.1,128.94,126.13,127.68,69500.0,-1.289999999999992,-1.0002326122353966
2024-12-31,127.81,128.69,126.81,127.69,177647.0,0.009999999999990905,0.007832080200498304
2025-01-01,125.49,127.18,121.59,122.93,246527.0,-4.759999999999991,-3.7277782128592563
2025-01-02,121.4,123.3,120.26,121.49,445477.0,-1.440000000000012,-1.1713983567884223
2025-01-03,122.36,123.13,120.99,121.21,120659.0,-0.28000000000000114,-0.23047164375669116
2025-01-06,118.74,119.99,117.66,119.44,37716.0,-1.769999999999996,-1.4602755548222102
2025-01-07,121.95,123.57,120.32,121.99,406452.0,2.549999999999997,2.134963161419967
2025-01-08,121.72,122.34,118.97,119.94,419064.0,-2.049999999999997,-1.6804656119354
2025-01-09,118.76,121.05,118.56,119.38,12352.0,-0.5600000000000023,-0.46690011672503307
2025-01-10,121.49,122.4,118.09,119.68,143004.0,0.30000000000001137,0.2512983749371811
2025-01-13,122.65,124.02,121.46,121.94,348593.0,2.259999999999991,1.8883689839572115
2025-01-14,119.33,120.17,118.73,119.89,18556.0,-2.049999999999997,-1.6811546662292898
2025-01-15,122.37,123.65,121.32,121.73,271973.0,1.8400000000000034,1.5347401784969517
2025-01-16,122.82,123.78,121.12,121.85,358980.0,0.11999999999999034,0.09857882198307522
2025-01-17,121.1,122.31,118.94,120.48,146570.0,-1.3699999999999903,-1.124333196553129
2025-01-20,119.7,121.69,118.61,121.27,217190.0,0.789999999999992,0.6557104913678558
2025-01-21,120.94,123.17,120.45,121.67,60098.0,0.4000000000000057,0.3298425002061567
2025-01-22,120.62,122.61,118.85,120.87,467602.0,-0.7999999999999972,-0.6575162324319872
2025-01-23,121.0,121.58,119.23,121.07,384313.0,0.19999999999998863,0.16546703069413304
2025-01-24,121.22,121.5,118.84,120.59,150641.0,-0.47999999999998977,-0.39646485504253315
2025-01-27,121.04,121.19,120.31,120.87,257199.0,0.28000000000000114,0.23219172402355603
2025-01-28,120.62,123.28,119.67,121.96,136060.0,1.0899999999999892,0.9017953172830273
2025-01-29,124.82,126.07,122.47,124.44,197954.0,2.480000000000004,2.0334535913414165
2025-01-30,123.29,124.43,121.11,122.68,211465.0,-1.759999999999991,-1.4143362262937886
2025-01-31,126.54,127.08,125.83,125.98,140544.0,3.299999999999997,2.6899250081512838
2025-02-03,124.23,125.08,122.93,123.15,10340.0,-2.8299999999999983,-2.246388315605652
2025-02-04,123.86,125.09,122.04,123.02,185021.0,-0.13000000000000966,-0.10556232237109997
2025-02-05,124.47,125.51,122.18,124.01,92302.0,0.9900000000000091,0.8047471955779706
2025-02-06,124.46,126.51,123.33,124.53,465659.0,0.519999999999996,0.4193210224981758
2025-02-07,122.03,124.05,120.99,123.69,232740.0,-0.8400000000000034,-0.6745362563237767
2025-02-10,123.91,125.33,123.18,123.48,477243.0,-0.20999999999999375,-0.1697792869269854
2025-02-11,123.05,123.92,121.49,122.84,10138.0,-0.6400000000000006,-0.5183025591188883
2025-02-12,122.33,123.24,120.4,122.06,403574.0,-0.7800000000000011,-0.6349723217193071
2025-02-13,122.16,124.9,121.33,123.43,129619.0,1.3700000000000045,1.122398820252335
2025-02-14,122.99,125.48,121.41,124.07,478466.0,0.6399999999999864,0.5185125172162186
2025-02-17,124.18,126.17,121.2,123.13,357520.0,-0.9399999999999977,-0.7576368179253667
2025-02-18,124.54,124.92,124.05,124.58,109931.0,1.4500000000000028,1.1776171526029389
2025-02-19,125.82,126.12,124.05,125.14,433870.0,0.5600000000000023,0.4495103547921042
2025-02-20,126.49,127.96,125.81,126.46,166951.0,1.3199999999999932,1.0548186031644535
2025-02-21,127.53,128.73,125.9,127.5,353676.0,1.0400000000000063,0.8223944330222999
2025-02-24,127.3,127.92,125.16,126.36,327922.0,-1.1400000000000006,-0.894117647058823
2025-02-25,125.1,125.87,123.8,125.62,47772.0,-0.7399999999999949,-0.5856283634061321
2025-02-26,126.94,127.2,125.22,126.84,68478.0,1.2199999999999989,0.9711829326540355
2025-02-27,127.39,129.65,126.54,127.86,467569.0,1.019999999999996,0.8041627246925254
2025-02-28,127.49,128.39,125.65,127.92,36762.0,0.060000000000002274,0.0469263256686947
2025-03-03,127.89,128.91,126.78,128.2,154355.0,0.2799999999999869,0.21888680425263818
2025-03-04,130.44,130.97,129.82,130.22,204994.0,2.0200000000000102,1.5756630265210791
2025-03-05,128.95,130.2,127.53,129.43,180492.0,-0.789999999999992,-0.6066656427584083
2025-03-06,131.61,131.84,128.74,130.35,327712.0,0.9199999999999875,0.7108089314687316
2025-03-07,129.25,131.23,128.55,130.15,357234.0,-0.19999999999998863,-0.15343306482545893
2025-03-10,129.73,130.15,128.0,129.92,292363.0,-0.2300000000000182,-0.17671917018825534
2025-03-11,131.23,133.29,129.41,131.67,329313.0,1.75,1.346982758620685
2025-03-12,134.45,135.0,132.38,133.01,84965.0,1.3400000000000034,1.0176957545378729
2025-03-13,134.52,135.65,132.36,134.33,187912.0,1.3200000000000216,0.9924065859709952
2025-03-14,137.42,139.19,136.02,136.39,185767.0,2.059999999999974,1.5335368123278403
2025-03-17,135.03,137.85,134.55,136.52,246281.0,0.13000000000002387,0.09531490578489343
2025-03-18,137.91,139.02,137.19,137.64,94754.0,1.1199999999999761,0.8203926164664255
2025-03-19,138.16,138.88,135.48,137.27,87988.0,-0.3699999999999761,-0.2688172043010528
2025-03-20,137.94,138.68,136.52,137.86,461558.0,0.5900000000000034,0.4298098637721237
2025-03-21,138.83,140.2,137.38,137.77,160023.0,-0.09000000000000341,-0.06528362106484886
2025-03-24,137.49,140.0,136.56,138.01,142379.0,0.23999999999998067,0.1742033824490008
2025-03-25,140.41,141.77,137.73,139.0,90388.0,0.9900000000000091,0.7173393232374536
2025-03-26,140.18,141.33,137.62,137.88,362912.0,-1.1200000000000045,-0.8057553956834607
2025-03-27,140.75,142.6,138.98,141.11,307572.0,3.230000000000018,2.342616768204242
2025-03-28,139.26,140.69,137.63,139.71,249779.0,-1.4000000000000057,-0.9921337963291088
2025-03-31,139.44,139.65,136.92,137.98,364165.0,-1.7300000000000182,-1.2382792928208541
2025-04-01,141.4,142.57,137.88,139.82,390562.0,1.8400000000000034,1.3335265980576994
2025-04-02,140.59,143.03,139.69,141.11,216846.0,1.2900000000000205,0.9226147904448645
2025-04-03,141.73,142.58,139.76,142.15,180047.0,1.039999999999992,0.7370136772730351
2025-04-04,142.91,144.6,141.54,143.19,142212.0,1.039999999999992,0.7316215265564585
2025-04-07,141.93,143.75,140.62,143.27,428058.0,0.0800000000000125,0.05586982331169388
2025-04-08,141.1,143.14,140.69,142.02,298565.0,-1.25,-0.8724785370279875
2025-04-09,141.23,142.52,139.46,142.24,273852.0,0.21999999999999886,0.15490775947049062
2025-04-10,140.55,142.28,139.64,141.32,406846.0,-0.9200000000000159,-0.646794150731167
2025-04-11,142.85,144.42,142.44,142.88,422811.0,1.5600000000000023,1.1038777243136177
2025-04-14,143.0,143.76,142.64,142.76,86021.0,-0.12000000000000455,-0.0839865621500624
2025-04-15,143.18,144.54,140.46,141.63,169380.0,-1.1299999999999955,-0.791538246007284
2025-04-16,140.24,142.85,139.14,141.24,54789.0,-0.38999999999998636,-0.27536538868883076
2025-04-17,142.95,144.81,140.5,141.96,458906.0,0.7199999999999989,0.5097706032285432
2025-04-18,141.0,141.76,139.21,141.22,36086.0,-0.7400000000000091,-0.521273598196681
2025-04-21,140.03,140.94,139.78,140.08,289003.0,-1.1399999999999864,-0.8072510975782321
2025-04-22,141.22,141.61,139.06,140.55,17684.0,0.46999999999999886,0.33552255853797064
2025-04-23,139.89,143.0,139.44,141.02,101088.0,0.46999999999999886,0.3344005691924501
2025-04-24,140.74,142.6,138.63,140.36,404423.0,-0.6599999999999966,-0.46801872074883066
2025-04-25,139.92,141.04,138.09,139.75,56099.0,-0.6100000000000136,-0.43459675121118035
2025-04-28,140.69,142.39,139.07,140.2,470712.0,0.44999999999998863,0.3220035778175312
2025-04-29,138.41,139.5,136.68,138.13,76093.0,-2.069999999999993,-1.4764621968616165
2025-04-30,138.57,139.85,135.42,136.11,170761.0,-2.019999999999982,-1.4623905017012828
2025-05-01,134.5,135.41,133.5,135.14,320795.0,-0.9700000000000273,-0.7126588788480159
2025-05-02,134.39,136.45,132.72,134.92,23893.0,-0.21999999999999886,-0.1627941394109822
2025-05-05,134.86,135.83,133.89,135.48,76418.0,0.5600000000000023,0.4150607767565928
2025-05-06,137.24,139.47,136.46,137.8,135074.0,2.3200000000000216,1.712429878948929
2025-05-07,138.55,140.77,137.51,139.18,375209.0,1.3799999999999955,1.00145137880987
2025-05-08,140.23,141.68,137.37,139.04,140351.0,-0.14000000000001478,-0.10058916510994331
2025-05-09,140.53,140.7,138.38,139.11,201083.0,0.0700000000000216,0.05034522439586464
2025-05-12,137.14,138.39,136.71,137.71,48635.0,-1.4000000000000057,-1.0063978146790387
2025-05-13,136.95,138.38,135.5,137.78,459331.0,0.06999999999999318,0.050831457410493996
2025-05-14,137.92,138.71,135.78,137.45,105071.0,-0.3300000000000125,-0.23951226593120767
2025-05-15,137.48,138.3,137.19,138.03,481621.0,0.5800000000000125,0.42197162604584726
2025-05-16,137.53,139.41,136.34,136.89,475918.0,-1.1400000000000148,-0.8259074114323028
2025-05-19,137.97,139.13,137.4,137.77,350662.0,0.8800000000000239,0.6428519249032316
2025-05-20,138.66,140.85,137.89,140.17,378377.0,2.3999999999999773,1.7420338244900746
2025-05-21,141.66,142.51,139.15,140.11,375795.0,-0.05999999999997385,-0.04280516515657862
2025-05-22,142.61,143.56,139.29,140.81,82805.0,0.6999999999999886,0.49960745128827533
2025-05-23,141.33,143.19,140.0,141.95,462170.0,1.1399999999999864,0.8096015907961052
2025-05-26,141.06,142.52,139.78,141.44,431280.0,-0.5099999999999909,-0.3592814371257469
2025-05-27,142.17,144.01,141.11,141.88,394957.0,0.4399999999999977,0.31108597285067763
2025-05-28,142.33,143.38,140.3,142.0,351207.0,0.12000000000000455,0.08457851705667707
2025-05-29,142.9,144.89,141.25,142.25,274598.0,0.25,0.17605633802817433
2025-05-30,143.2,144.91,139.23,141.19,293022.0,-1.0600000000000023,-0.745166959578214
2025-06-02,141.15,141.82,139.84,141.32,192170.0,0.12999999999999545,0.09207450952617435
2025-06-03,141.37,144.04,141.03,142.17,203226.0,0.8499999999999943,0.6014718369657501
2025-06-04,143.07,144.77,141.68,144.45,154063.0,2.280000000000001,1.6037138636843196
2025-06-05,145.25,147.64,144.54,145.99,78344.0,1.5400000000000205,1.0661128418137933
2025-06-06,149.28,150.14,147.88,149.32,377090.0,3.329999999999984,2.280978149188284
2025-06-09,150.06,151.83,148.03,148.26,46593.0,-1.0600000000000023,-0.7098848111438572
2025-06-10,149.15,151.42,148.72,149.67,46304.0,1.4099999999999966,0.951031970861993
2025-06-11,150.27,151.9,148.32,150.05,433602.0,0.3800000000000239,0.25389189550346636
2025-06-12,153.42,155.03,152.88,153.43,196292.0,3.3799999999999955,2.252582472509168
2025-06-13,153.51,154.19,150.63,152.32,123613.0,-1.1100000000000136,-0.7234569510526034
2025-06-16,153.69,153.94,150.53,151.16,210410.0,-1.1599999999999966,-0.7615546218487368
2025-06-17,149.83,151.23,148.51,150.36,497505.0,-0.799999999999983,-0.5292405398253375
2025-06-18,146.79,147.7,145.37,147.28,424299.0,-3.0800000000000125,-2.0484171322160183
2025-06-19,147.63,149.05,145.51,146.59,28354.0,-0.6899999999999977,-0.46849538294404525
2025-06-20,146.23,146.99,144.87,145.55,294334.0,-1.039999999999992,-0.709461764103958
2025-06-23,147.72,149.67,145.37,145.87,16142.0,0.3199999999999932,0.2198557196839479
2025-06-24,147.07,148.39,146.32,146.49,431614.0,0.6200000000000045,0.42503599095085054
2025-06-25,149.04,151.06,148.36,149.4,193043.0,2.9099999999999966,1.9864837190251894
2025-06-26,151.52,151.87,149.58,150.93,314006.0,1.5300000000000011,1.0240963855421725
2025-06-27,151.27,153.01,148.28,150.16,194482.0,-0.7700000000000102,-0.5101702776121431
2025-06-30,149.73,151.59,147.16,148.91,160575.0,-1.25,-0.8324453915823149
2025-07-01,150.26,151.28,148.2,149.75,135438.0,0.8400000000000034,0.5640991202739976
2025-07-02,148.94,150.19,146.27,147.87,58456.0,-1.8799999999999955,-1.255425709515856
2025-07-03,151.89,153.44,149.35,150.72,110167.0,2.8499999999999943,1.9273686346114705
2025-07-04,153.97,154.4,151.99,152.59,354179.0,1.8700000000000045,1.2407112526539255
2025-07-07,152.63,153.69,150.16,151.98,280160.0,-0.6100000000000136,-0.39976407366145716
2025-07-08,149.35,150.37,147.97,149.51,274528.0,-2.469999999999999,-1.6252138439268315
2025-07-09,151.79,152.17,150.48,151.64,203392.0,2.1299999999999955,1.4246538693063915
2025-07-10,152.78,153.58,151.26,151.57,418288.0,-0.06999999999999318,-0.04616196254285665
2025-07-11,152.71,153.76,151.76,153.53,112239.0,1.960000000000008,1.2931318862571706
2025-07-14,151.61,151.76,150.26,151.24,121431.0,-2.289999999999992,-1.491565166416986
2025-07-15,150.05,150.8,148.3,150.44,352162.0,-0.8000000000000114,-0.5289605924358676
2025-07-16,150.58,152.5,149.41,150.55,50510.0,0.11000000000001364,0.07311885136933594
2025-07-17,152.0,153.14,149.89,150.72,190005.0,0.1699999999999875,0.11291929591497052
2025-07-18,150.33,152.27,148.19,150.14,293970.0,-0.5800000000000125,-0.38481953290870896
2025-07-21,151.22,152.14,150.87,151.18,340170.0,1.0400000000000205,0.6926868256294183
2025-07-22,148.31,150.37,147.41,149.67,131668.0,-1.5100000000000193,-0.9988093663183095
2025-07-23,150.31,151.37,149.38,149.56,252700.0,-0.10999999999998522,-0.07349502238256367
2025-07-24,150.49,151.42,148.34,149.84,428734.0,0.28000000000000114,0.18721583311045453
2025-07-25,152.88,153.18,148.87,150.71,34045.0,0.8700000000000045,0.5806193272824389
2025-07-28,151.57,153.2,150.94,151.88,191948.0,1.1699999999999875,0.7763253931391434
2025-07-29,150.51,151.02,148.56,150.29,495662.0,-1.5900000000000034,-1.0468791150908596
2025-07-30,148.34,149.62,147.44,148.09,100102.0,-2.1999999999999886,-1.4638365826069477
2025-07-31,151.69,153.02,148.28,150.11,324063.0,2.0200000000000102,1.3640353838881847
2025-08-01,150.61,151.1,149.08,150.71,109441.0,0.5999999999999943,0.39970688162014323
2025-08-04,149.96,150.18,148.06,149.68,168175.0,-1.0300000000000011,-0.6834317563532588
2025-08-05,152.72,154.3,151.98,152.11,259877.0,2.430000000000007,1.623463388562274
2025-08-06,152.57,153.55,150.46,152.38,439404.0,0.2699999999999818,0.17750312274011915
2025-08-07,153.81,154.46,152.33,154.25,146917.0,1.8700000000000045,1.227195169969808
2025-08-08,154.65,156.64,153.78,154.46,227770.0,0.21000000000000796,0.13614262560779355
2025-08-11,158.72,158.93,155.97,157.65,439890.0,3.1899999999999977,2.065259614139592
2025-08-12,159.35,161.8,158.72,160.38,128325.0,2.7299999999999898,1.731684110371079
2025-08-13,160.24,162.21,158.35,160.11,29337.0,-0.2699999999999818,-0.16835016835016203
2025-08-14,160.96,162.22,160.65,161.66,163385.0,1.549999999999983,0.9680844419461598
2025-08-15,163.93,164.3,161.29,162.73,430159.0,1.0699999999999932,0.6618829642459412
2025-08-18,163.36,165.21,162.23,164.88,350093.0,2.1500000000000057,1.3212069071468102
2025-08-19,162.98,164.21,162.69,163.54,272420.0,-1.3400000000000034,-0.8127122755943739
2025-08-20,165.04,165.34,164.11,164.67,323295.0,1.1299999999999955,0.6909624556683314
2025-08-21,167.92,169.33,166.23,166.35,420827.0,1.6800000000000068,1.0202222627072377
2025-08-22,163.75,164.03,162.76,163.82,153016.0,-2.530000000000001,-1.5208896904117863
2025-08-25,161.59,163.21,160.91,162.14,325031.0,-1.6800000000000068,-1.0255158100354045
2025-08-26,161.06,163.06,157.94,159.18,91442.0,-2.9599999999999795,-1.8255828296533716
2025-08-27,157.43,160.52,156.76,158.88,59847.0,-0.30000000000001137,-0.18846588767433836
2025-08-28,157.86,161.32,157.19,160.05,68653.0,1.170000000000016,0.7364048338368789
2025-08-29,162.85,163.53,160.9,162.41,227144.0,2.359999999999985,1.47453920649796
2025-09-01,162.12,163.9,161.92,162.62,263661.0,0.21000000000000796,0.1293023828581985
2025-09-02,164.14,166.26,162.32,165.16,328766.0,2.539999999999992,1.5619235026441913
2025-09-03,163.9,164.81,161.47,163.19,299954.0,-1.9699999999999989,-1.1927827561152848
2025-09-04,160.98,161.33,159.37,160.74,87842.0,-2.4499999999999886,-1.5013174826888798
2025-09-05,160.19,162.54,158.96,160.75,394369.0,0.009999999999990905,0.006221226825919857
2025-09-08,160.15,162.38,158.35,161.43,282647.0,0.6800000000000068,0.42301710730949793
2025-09-09,162.35,162.82,161.03,161.48,94761.0,0.04999999999998295,0.03097317722851045
2025-09-10,159.13,159.93,158.23,158.48,440192.0,-3.0,-1.8578152093138511
2025-09-11,158.35,159.33,157.79,158.45,398583.0,-0.030000000000001137,-0.018929833417469233
2025-09-12,158.44,160.11,154.98,156.59,283734.0,-1.8599999999999852,-1.1738718838750328
2025-09-15,156.62,159.19,156.46,157.69,151958.0,1.0999999999999943,0.7024714221853134
2025-09-16,156.82,159.9,155.61,158.34,416082.0,0.6500000000000057,0.41220115416322756
2025-09-17,156.34,157.15,154.35,157.03,338768.0,-1.3100000000000023,-0.8273335859542819
2025-09-18,156.32,157.25,154.59,156.36,472115.0,-0.6699999999999875,-0.42667006304526467
2025-09-19,155.12,156.13,153.78,154.87,173864.0,-1.490000000000009,-0.9529291378869376
2025-09-22,154.64,155.02,154.42,154.88,412980.0,0.009999999999990905,0.006457028475481685
2025-09-23,156.76,157.36,154.73,156.41,266910.0,1.5300000000000011,0.9878615702479276
2025-09-24,153.78,156.58,152.54,155.03,130356.0,-1.3799999999999955,-0.8822965283549644
2025-09-25,157.33,157.69,155.57,155.89,227228.0,0.8599999999999852,0.5547313423208244
2025-09-26,155.11,156.31,154.83,155.19,52727.0,-0.6999999999999886,-0.4490345756623215
2025-09-29,155.22,155.73,152.28,154.1,350615.0,-1.0900000000000034,-0.7023648430955598
2025-09-30,154.39,154.51,152.67,154.04,18068.0,-0.060000000000002274,-0.03893575600260046
2025-10-01,153.05,153.61,150.92,152.59,126923.0,-1.4499999999999886,-0.9413139444300112
2025-10-02,152.43,154.38,150.09,151.86,410511.0,-0.7299999999999898,-0.4784061865128697
2025-10-03,150.61,152.23,148.98,150.16,444376.0,-1.700000000000017,-1.119452126959053
2025-10-06,153.85,155.78,152.13,153.21,21390.0,3.0500000000000114,2.031166755460845
2025-10-07,154.69,155.72,152.45,153.36,116752.0,0.15000000000000568,0.09790483649891879
2025-10-08,152.61,152.92,151.71,152.41,423347.0,-0.950000000000017,-0.6194574856546842
2025-10-09,153.54,154.69,151.91,152.84,366898.0,0.4300000000000068,0.28213371825995814
2025-10-10,152.68,153.73,151.11,152.77,348113.0,-0.06999999999999318,-0.045799528919121535
2025-10-13,153.98,155.68,151.29,152.54,156110.0,-0.2300000000000182,-0.1505531190678866
2025-10-14,152.88,153.84,151.08,153.56,455543.0,1.0200000000000102,0.668677068309953
2025-10-15,156.59,157.62,153.85,154.79,234790.0,1.2299999999999898,0.800989841104438
2025-10-16,154.06,154.48,152.8,154.1,349208.0,-0.6899999999999977,-0.4457652303120341
2025-10-17,151.9,154.05,150.6,153.33,31281.0,-0.7699999999999818,-0.49967553536662823
2025-10-20,153.15,154.65,151.8,153.02,64189.0,-0.3100000000000023,-0.202178308224088
2025-10-21,148.99,150.67,147.55,149.67,272093.0,-3.3500000000000227,-2.189256306365195
2025-10-22,148.34,149.15,146.94,147.5,320655.0,-2.1699999999999875,-1.4498563506380568
2025-10-23,148.99,150.5,147.92,149.65,132115.0,2.1500000000000057,1.4576271186440781
2025-10-24,151.77,153.19,151.47,152.21,18605.0,2.5600000000000023,1.7106582024724482
2025-10-27,150.05,153.53,149.22,151.94,372462.0,-0.27000000000001023,-0.17738650548584367
2025-10-28,152.45,154.7,151.43,152.9,404597.0,0.960000000000008,0.631828353297359
2025-10-29,151.05,155.39,149.71,153.47,469850.0,0.5699999999999932,0.37279267495093915
2025-10-30,156.61,159.78,154.7,158.19,291954.0,4.719999999999999,3.07551964553332
2025-10-31,160.73,161.43,158.73,159.97,259415.0,1.7800000000000011,1.1252291548138338
2025-11-03,160.66,162.07,158.36,159.88,165394.0,-0.09000000000000341,-0.05626054885291554
2025-11-04,158.97,159.9,157.48,158.54,51869.0,-1.3400000000000034,-0.8381285964473406
2025-11-05,155.27,156.82,153.96,156.23,42955.0,-2.3100000000000023,-1.4570455405575888
2025-11-06,156.59,158.34,156.36,156.64,71388.0,0.4099999999999966,0.2624335914997111
2025-11-07,155.6,155.78,155.02,155.6,251324.0,-1.039999999999992,-0.663942798774253
2025-11-10,152.41,155.38,151.63,153.57,20207.0,-2.030000000000001,-1.3046272493573263
2025-11-11,154.2,155.18,151.7,152.7,228401.0,-0.8700000000000045,-0.5665168978316149
2025-11-12,152.06,153.37,150.99,151.18,470844.0,-1.5199999999999818,-0.995415848068093
2025-11-13,153.59,155.16,153.22,153.81,169292.0,2.6299999999999955,1.7396481016007437
2025-11-14,155.26,157.06,154.61,155.23,487266.0,1.4199999999999875,0.9232169559846515
2025-11-17,155.53,156.84,153.37,155.32,215157.0,0.09000000000000341,0.05797848354054391
2025-11-18,155.6,158.91,154.87,157.64,32031.0,2.319999999999993,1.4936904455318034
2025-11-19,157.61,158.08,156.59,157.86,473937.0,0.22000000000002728,0.13955848769349188
2025-11-20,155.98,157.75,155.51,156.66,352951.0,-1.200000000000017,-0.7601672367921086
2025-11-21,158.05,159.43,156.79,159.05,81312.0,2.390000000000015,1.5255968339078274
2025-11-24,159.68,161.46,159.04,159.96,69766.0,0.9099999999999966,0.5721471235460518
2025-11-25,160.3,161.37,158.01,158.5,153521.0,-1.460000000000008,-0.9127281820455191
2025-11-26,158.96,160.35,157.23,158.32,361977.0,-0.18000000000000682,-0.11356466876971671
2025-11-27,156.53,157.28,156.42,157.1,197771.0,-1.2199999999999989,-0.7705912076806487
2025-11-28,155.7,155.96,155.01,155.13,247199.0,-1.9699999999999989,-1.2539783577339314
